agent_task_queue.py	True
audit_trail.cpp	True
bandwidth_client.cpp	True
browser_watch.cpp	True
consensus_router.cpp	True
db_query_sync.py	True
drone_id_beacon.cpp	True
energy_meter.cpp	True
exec_multiplex.cpp	True
governance_loop.cpp	True
handshake.cpp	True
memory_exchange.cpp	True
memory_persistor.cpp	True
minting_kernel.cpp	True
minting_manager.cpp	True
os_hook_init.cpp	True
packet_router.cpp	True
policy_kernel.cpp	True
royalty_from_memory.cpp	True
signal_extender.cpp	True
swarm_balancer.cpp	True
treasury.cpp	True
uplink.cpp	True
